3ekd,7400
4g46,~3000000
1b51
5ad1,58
3zy2,350
1a4k,10
2y7p,11800,3400
3cb0,648
1z17,900
3fjg,187000
2jdm,3960
5ia3,3.8,46
5cjh,14400
2yix,3.3
5txy,3500
3gk2,2000000
4k0s,6.8
3bvb,0,3200
1azm,290
3sj7,53930
5dt0,250
3sow
3aje,9300
3sjt,880
3zy5,230
4zgk,<1000,3100
3oob,21600
5fb7,2300
5bxj,227000
2orv,29
1g2k,577
2f80,0
1tsy,11000
4dcu,8000
2okg,63290
4j4v,440
2w83
4k7o,50000
3fuc,0.1
3twr
3ue4,0
4nr7,21
5l9r,2000
3d9p
5gmn,18800
2pym,150
2wpt
2whw,218000
2cli,50000
4d75,105000
3ubd,2900
3rz0,28
4dn0,1900
1h9z,3800,2000
4kne,1260
4wet,444000
4zzz,87
4q3u,360
4emi,41000
3kdb,0.14
3zsq,10900
1akq,0.79
3znz
3cr4,53000,1000,35000
4mrg,1100000,900000
3uol,18
3u5j,2460
4wf2,1.5
4a4v,287
2qx9,700
2ccc,17.57
1ggd,1600
1zoa,45,4
2clo,87600
4gah,800
2qnq,770
3pd3,36200
2a3c,43000,17000
5oca,180000
3kpw,14000
5g5z,2200
4rfr,290
4dmn,4700
2gqx,1710
3uug,31000
3bzi
3ujb,7900
4yef,4440
4u54,8700000
1xge,20800
3fzn,97000
5efc,14100
1af6
3gws,0.1,0.081
4ah9,3500000
1upv,103
5fnl,826000
4d4u,91900
2ptc
3lz5,827
2nut
2jdp,250
2flh,148000,106000
4ugl,62140
3zi8,2200
2vpo,3800
2vci,1.7
1yjq,6500
4h75
5d25,460
5f8y,57000
3ao1,5500000
3oey,3500
3tk2,24000
1lke,30.2
1u9l
2x85
5kxe,5450
3ryz,2.4
4r07,55000
2j59
4ayr,99
4loi,2500,170
2pk6,0.013
5kb3,0.6,0.57
3ld5,1190
1cam,4000000
183l,193000
4hp0
3t4p
4lu3,11
4kn0,40
3u90,24000
5jss,354
3rj5,24000
5fck,6
5acw,145000
2p9t,109000
4ayi
4jw2
4rfw,9
3iue,1500
4ugm,99000
3lzs,0.0109,0
2hqu,1600,7200
3gk1,80000
2pdq,2000
3ekw,10.9,0.4
5k2b,0.2
1vjc,263000
4cs0,157
4tyl,600000
1qaw,7500
5kgs,74
1njf,1030
1tmm,230,1100
1pop
1sm3
1n49,0.6
3had,85500
4xu3,0.315
4w9j,588
4woe,3800
1lwl,~20
4m5m,18000
2vyr
3qn7
2v57,79,4300
4cnk,2800000
2pql,53
3o4k,24
1gu1,30000
5kew,315
5h2u,7.8
1ttm,45,~45
5e95,15.7
3o84,99,58
3bxh,94340
2v58,0.82
5foi,1
2xya,200000
3s78,340
5l3u,354
1lf9,~0.001
3fhe,60
3gy5,1800
1sw1,50
5igt,200
4del,21.1
4cpa,5
1el8,2130000
1ahx,120000
1mes,3.8
3ta0
5f1r,1000
3p7i,19.9,~5
3u9w,60
2o4s,0.031
4y93,1.5
2vtd,2200
3kjd,2.9,5.8
1y8o,1300
4bcs,103
5xkr,7000
5cpm,27000
3wyp,1
2qtn,382000
3u3z
5fpp,63000,27000
4bqp,13.7,12
4ajp,93
3wyq,1
4k7i,1500000
3ndx,0.6
1ado,~1000,1000
3acj
2y1f,120
3jvs,290
3pyy,>1,137
3r5w,1000
2ogy,33200
3uzv
3gm0,17
1gny
4kax,100,17000
4iuo,230000
3wzd,2.1
3ove
2nx3,17000
2yek,45,61.3
2xqq
2pf8,61,16,6.5
5a6i,56
3ht6,360000
2ypo,21000
5f1x,780
4wiv,550
4b33,430000
2f5z
2rde,97.1
3nht,98
5jad,3400000
1kjr
1bn3,0.1,0.13
1px2,120
3zsh,0.5
3a6q,0.9
3fzk,3500
4jff
5duv,1300000
1zea
1fm6,1.5
2pdx,2380
1cc6,30000
2c1q,~0.0001,0.0001
3m18
1lkk
3kr8,8,10
4ysl,1600
4d63,7000000
5j5f,330
4ddk,5130000,5100000
1dzk,800
2p4s,0.42
4nbn,44000
4fcq,101,156
1uxa
3zy6,230
2jdh
1vys,240
1ind,0.09
1yym
3n7h,31300
5kox,13000
1rl8,0.6
3n0m,6100
5fng,1105000
4fkl,30300
2q63,66
5w3y,57200
3vep
4gkc,150
4lyw,237
3rsx,38800
3a6r,1.39
5btx,280000
2rkn,60
1swg,43.9,1
4p5y,900000
1t3r,0
3r0y,14530
2fov,28
3eqg,0.4
3kpv,180000
5ivv,330,450
4zv2,1200000
2weh,1125
1ql7,10000
1a3b
3wb4,36600
2qhd,4200
3rlp,84
1ntv
4dkq,250
1iuu,147000
4ug5,5030
5jzs,540000
3lud,260000
5htk,80000
3qxv,4,5
2pdf,217
4yrd,27000
5vw2,<20
1yc4,280
3p0y
4jbq,3.9
3lle,10700
5u0e,7700
3uex,120
5x5d,1190
5kbe,460
2reg,2700,2300
4qzs,89
1r0p,10
5ofv,26200000
5fns,4000
3kqw,97000
4xzj,95000
3fk0,7000
4ko8,70
5ha1,64.1
2fxu,7
5d3y,440
1qqn,320
3n5k,0.2
2cc7,9.88
2fav,24000
2j7e,48
3muf,320
3oxv,0.4
2vni,204000
4etp
2fwp,1200000,780
1zsb,6.8,250000000
3qzt
4uyf,4.4,25
5f3t,210000
4aro,160
5f1h,14.1
3hi6
5i9x,18,30
5i3v,16
5f62,6.8
1ba0,320
1cc4,30000
4rwl,8
5ioy,6000
1d2s,0.2,0.182
2ovv,12
2pll,5
1adl,180,4400
4rrd,13400
4azc,1380
4h2s
4ibc,~1049000
5nkd,26.3
2ay5,2600000
5bvw,0.7
4cc7
1r6q
3ttm,3
3ivc,76000,75000
3exe,110
2w47,10500
1yk0
1yuc
3f37,2400000
3dkg,0.2
1s3k
1d04,380000
2f2u,78
4k81
3rt4,1.6
4bi7,26400
1rx9,24000
3ebb
3e12
4pnw,9000
5uk8,400
4cgj,1460000
4as7,>10
3r69
4xu0,0.769
3twx
3huj
5kcz,15000
4dsu,1500000
4ayq,47
1lvu,4800
1lah,30
3n7s,20,<20
5gze,62000
2gj5,4.74
2y4k,3500
3k5k,23
4drx
3m4h,1010
4wkn,0.6
2o1v,5000,~5000
1nzl
3v4t,77000
4xoc,3
3lq4,5970
1msm,0.033
4bqd
3m6p,4.5,0.9
3lhs,~1
1oau
5uxf,87
2cex,20000
1ea1,200
4wmz,74
3tif,4200
4lxz,182,40
1gu3
1sdt,1.1
1db1,0.55
1osv
4b2d,200000
3ncr,77500
2wgj,0.2
4g9f
3fwv
3ao5,5900000
4ez8,1000
3zs9
2wor,125000
1uxb
1uw6,40.7,45.2
2hmv,20
3kud
2gvv,400000
1lfd
3nm6,45000000
4eyr,0.6
5vsc,510
1o9w,1180000
4h2w
4xqb,163400
1npl,2000000
1opj,>1
4j21,39
1iux,231000
5e7n,30000
5ito,68900
4eo3,68
3bl1,200
5gid,769
5mgj,51000
5flo,709000
3cct,27.4
5lli,90
4wyc,15000
2jbz,380
5etv,570
3otf,830
5eto,2700
4ugk,22300
4jiq,730000
2i4v,0.0097
4ouj,1400000
3lb3,1780000
1gt3,350,1200
1f3f,21300
1qyg,140
3m67,180,20
2g86,440
1g74,300
5x66,1190
2r14,630000
2cb3,27
4qsj,5
1ct8,300
2r5n,700000
2qx6,1400
5fe7,488000
4qsi,50
4fzv
3l6h,4000
1qfy,<200
4qiz,7.1
5d26,810
4ocx,0.0036
2pgz,1800
4k3q
3t2t,>4000000
4e6c,15000,~15000
1knr,8100
1ra1,24000
4dli,2400
5kej,7800
5gjo,21000
5d24,5800
1h61,13000
3iw2,11700
3kzl,6100
2ces,56
5d1j,69
2fw6,1200000
4tmw,4100
3zp9,15
1rr6,0.056
2ynn
4y59,5800
1hn2,1000,3300
2ate,86
3hqr,3000,2000
2qwx,1400
5n17,4800
3okc,36500
3t6g
4cet,428
1xh5,3400
1gt4,300
2gqg,0
5aqy,110000
3r5t,2.65
2gz1,6000
1swe,1
4kcx,37000
4q4r,369
3dnj
1ri8
1l0y
4mmm,150000
4dch,500
4ktj,1900000
2qbx
5l9o,4000
4fil,34
1yon,61000
3eks,2000
3hxi,470
4njv,0.6
3cow,125
1yc1,680
3ddq,2900
2qwp,320
2gz2,6000
5i3y,0.4
1w3j,484
3f3d,69
187l,422000
3m59
4al4,130
3cft,64000
3e6k,7000
3mss,22000,>1
3tzi,8070
5f3z,29000
4z93,45
3rzw
3krq,550
4du2,3300
3wdc
5kax,780
2v6x
2bz8
1fhx,100,27
2wer,90
3cz0,60
5nkh,25.7
5a82,1000
4ljh
3nil
3kxz
2zdm,386
5d3j,5700
2vpg
1olu,39300
3zyh
3m94,8400
4i60,1870
1tjp,38000
3dst,0.83
1czc,1500000
2aq8,2500
1mj7,4.5
5g1a,270
2vnv,2750
4m2v,0.1
2c8h,75000
1q9d,25000
3gkz,10
1cnx,43
3tkg,0.3
5vcv,15
1cvu,8070
1yvh
1q1g,2.7
1k6p,44
2nz5,10500
4nyt,3700000
4xz6,1600
1i80,390
3dd0,0.7
1sdu,1.1
1qka
5dab,13000
3gj7
1r6n,40
2o64,340
1w0o,~37000,~30000
2nmx,2700
4l06,120
1utl,3412000,3410000
4yj1,885
4b3b
3v2m,6.8
3el0,34.1
4omj,5440
5nvw,132
4xoq,1470
2xxt,39,9
4zs4,20000
4at5,36
5t7s,3100
4ejg,54000
4ijl,135000
4eoy
3doe
3zqi
1gui
3me9
1x9q,0.00027
2ii3,3000
4e81
4cj4,432000
3h7w,590
3bbf,5200
1xh6,48
3arr,4000
4ybk,15
2a5c,24000
3p2e,600
4bh4
4a22,6.8
3td3,590
4h3q
3cj5,460
4v04,7.7
4q9o,1700
1jlr,465000
2pnx
1zha,40
5ldp,70000
4jzb,343
4bqg,600
4alg,55
5l41,310
3hdk,17500
4udw,270
5fnf,700000
1vyr,5400
2qt5
3hh2
1b5j
3hct
5l1u,340000
4r06,565
4k0o
1drk,150
2b4l,17000
3kdm,100
3ndu,0.3
4msu,240
2wvt,755
5mt9,3120000
4bdr,39
4irw,1
3guk,102000
5l94,105000
3dgo,180
3r5r,1000
5e70,160000
1g9i
3gxy
5vc6,13.6
4rql,80
5ajq,7
182l,112000
5eh7,330000
2weg,314
4kva,115000
2xdl,790000
4q1x,0
3tpx
3hzy
1li2,90900,91000
5f2p,37500
4pnu,13000
5c5a,700
5ibg,4500
3uo0,470
3obj,1160
4g2r,35800
2boj,1700
4jlh,4700
3lq2,5970
2y7i,2900
4u0f,1200
2i4x,0.0097
3zxe,450000
2bmk,2400
2v5x,220
5gmh,490
2x4z,2.7
3f36,1300000
1vjd,286000
5iw8,2200
3ro2
2gh9,1000
4ugc,18700
3zsy,595000
4daf,76
1gx4,53000
5mb4,450
4q5m,0.3
4b0b,470000
3o8u,1160
4yki,2.7
4rl7,93
4jwk,4.79,5.3
4aqh,290
1lzw
5x4p,9300
2c7n
3cfs
5afv,2600
4fqo,6900
4flp,190
4rqu,1600000
3r1v,120,1200
5trf,2.7
4ein,1000
4x21,36
4lar,20700
4l6g,161000
4ymh,3200
3zet
2f7a,1000000,120000
4u7f,36.4
4bqh,2580
1vyg,10
3lzw,14000
1kll
2izl,1000
5d3u,2600
3s71,2.3
1m9k,~250000
4rmd,35
1a0t,50000000
1oko,29000,29412
1f4x,2600
4co0,20000
4dqf,0
5f63,12
3e85,4200
5cbr,1800
3d2e,380
5t3n,9.1
2h4n,6.8,2
4lvb,78000
4wo0,250
2ypp,39000
2f14,0.64
3ti1,>10000
2agt,16
1a50,350,200
2yb0,140000
1q7b,3500
3rdq,0.49
4b7p,0.346,0.3
2nnv,30
3iw7,2300
4jra
3h9h
2zft,300
3hsc,320
1cil,0
3zi0,40
3f39,16500000
4urx,1300000,6000000
5mz8,4900000
1d4p,500
4jkw,69900
2omy
5fwg,190
2j9l,~100000,100000
4al8
3qip,129
2oiq,42000,10000,>10000
3fgc,120000
3aa6
2fqw,210
2w0p
5a3h,26700
5cp5,1234
2pjo,900000000
4bq6
5lji,83
1zc3
2wzf
2vxj
3em4,0.4
2jdk
4pul,146
3kx3,4
2fou,80
1y2f,12000
3tzm,170
1a3e
3b78,80000
1t7r
1gwq
4n7j,3400
2ypv
2ff7,7100
4irx,760
2fw4,30
1vc9,13000
4lce,1260000
1yei,35
4zvm,274
3bm5,1100000
2uzt,56
4agn,107000
2hs1,0
5fnk,1005000
4buq,7.3
4mpn,239
1ulg
1u1b,16
3d76,23
3qlm,431
3aya
2p09,450
3m64,14,1510
3shb
2xb7,1.1
4f5y,3700
4g4p,130
5ljd,70
1lp1
4ww8,400,0.067
1nca
3smq,9500
1bp0,4000
4aqe
2vyt,1840000
3thm
3r35,2.2
2a2i,40
4g2g,~2800000
3aye,93
5dq8,73000
2hdk,6100000
1jgl,2
2agv,20,0.2
2bqz
4jzw
3ncq,4400
2f8i,55
3jvy,0
3ndw,0.6
4abv,5.7
2xjj,310
2xn7
2wos,125000
2j12
2fv5,<0.002
3zwh
5du8,1900
3u9z
2bmv,10000000
3cz1,55
1m7y,0.011
4non,5710
3lxn,4.8
5kau,300
4f3i,36.1
1t63
3iqv,6600
3huk,350000
4a6s,6300
4kew,1670
3o5t
2xj7,246
2h90,5000
1swk,~0.001,1
5te0,63
3aon
3qri,7.2
4w97,80
2q64,3
3lep,110
5f25,9100
3r8i,4500
3buh,220000
4avk,94.3
4g4s
1b46
4ej8,4100
1yrt
5d3n,9200
3d1z,0
2v85
3a5y,11
1drv,290
5csd,2300
3e7f,10000
5khd,2500
3a1c,~100000,100000
5gzf,62000
3ud8
3krk,8070
4ogj,164
3tkl
1m9j,~600
3bva,300
3ilq,6200
2cix,33000000
5n0f,900
2nns,900
43ca,<1000
3v4y
4u5u,1300000
1n4h,280
3hku,13.8
2ilz,4000
3ccz,51.7
3pgu,200
4avi,23.6
3p8e,7000
3tc5,6800
1drh,24000
1os5,140
5wuk,14
4np3,500000,400000
1jet
1lst,14
3ap7,62000
3rhj,7.3
4r9d,93
4iue,280
1hjo,320
4aq6,15800
5aqz,3300
5i7o,3400
2vrj,500
3tdj,5600
1apb,1510
1jmo
4oic,31300
1wej
3smr,6900
3luh,3300000
1nfs,<0.12
2xhr,4.8
1ucn,6000
3idb
1t7j,0.4,2
2otz,357000
3ttc,~4000
4l4v,1650
2xnj,1.1,7500
2wpu,<60
2xii,63.3
1n8v,930
2aqh,14900
2q89,500
5tva,14000
2qwl,320
3clp,205100
5jhb,873
4yz5,1480000
1wdr,3050000
2ao6,0.52,0.5
1a7c
2r0h,310000
2vku,29500,28000
4pyx,730,910
1nf3,50
2ay9,6900000
3ben,320
4up5,2500000
1m2z,19
3uvw
4dzy,2400
4aj1,770000
4fak,52000
1odi,62000
1leg
5lat,80
3wb5,26800
3ga5,3200
4ewn,200
3fue,2050
2j4k,14000
2vxt
1xt3
5dyz,4,540
1uw1,~100
3s8o
5ja0,5300
1p1n,160
1gpw
4azi,35.56
3em3,0.4
5k2c,0.2
3n0s,3720
2j7p
4ksy,3.79
2rte,1
4u5j,>10000
4m2r,0.1
4qnb,260
3huc,1030
4i89,580
3rs8,5100
3hpi,6600
5cmc,2480
1grn
1uto,5320000
1l83,400000
3li2,~1
3eu7
5ibf,140000
5x67,1190
1syo,~1
4n6h,0.52
3kqs,6300
3zt0,595
3hzv
2cbz,118000
4qp2,940000
2wuf,51000
4ef4,4420
4uyg,4.4,25
3pdh
1mau,0.005
1ru2,320,18000
4l5m,500000
3pkn
3shz,770
4wmx,14100
2fx7
4rrc,13400
4x1g,11500
3gr6,18600,2.92
4ahu,5400000
1v11,104800
5vgy,65500
5epr,91000
5ios,14000
2xht,1100
4phu,16
4klv,165300,165000
5d3s,1300
2d0k,9510
5lpk,3060
5dw1,185
5g46,2500000
4ezw
1exa,528
1k6c,1.1,33
2pcc
2xn3,1198,89
4uyw,6400
4tmz,920
4ktl,15000
4jdf,6400000
4dpr,6250
1ftm,24.8
185l,290000,289000
4ugs,127000
2wjg,80
1m7d
5bt4,850
3f19,65.1
2ay4,1240000
3atp,35600
1bnv,1.7
1ryf,1.6
4dt1
5gzd,62000
1kyv,1200
4jwl,500000
3ng4
5mt4,500000
5tmp,34
3ldq,2410
5igm,41.7
3lzv,0.026,0
2jjo,3500
1g54,1.5,2
3f35,690000
1qga,5500
3q7p,1574
3lqg,301
5a5v,33
5d3x,440
4ddm,3480000,3500000
1nw5,6100
4uhi,103
3aaa
5a4k,155
4g0p,980000
2xzd
3arw,700
2i26
4dtw,80000
2rtg,1
5tb6,1530
3pcj,60
5xg5,330000
2r3d,1400000000
3jun,2630,8550
4usw,2030000
3ekx,0.39
3n06
1df8,0.2,1
4i7e,450
3m89,690
3s8x,50,70
3jrs,52000
5edd,5700
2jg0,15
1x9d,110000
3lk1,55200
1k6t,24
4oag,500
1sh9,0.6
3gjd,46.8
1qpe
4i9x
4kao,770
1x09,520000
2h15,25000
1urg,1500
4xtw,0.933
5usz,106
2buv,100000
3fuh,2050
5aan,71000
1bgq,2.7
2j75,225
1sdv,1.1
2b3b,80
3ctr,6940
1r37,660
4k9t,1500
5n69,290
1h60,20000
4cwb,810
5l1s,160000
3qmk
5bn9,320
4crj,1090,1100
3arp,70
3w9r,660
2yi7,4.8,6.3
4owk,131000
2aep
3rhr,5700
3gxz
3coy,960
3gl6
5l92,91000
4lhv,0.1
2b9a,9
1g52,1.6,0.29
2x00,0.0047
2nno,400
2nxg,17000
2jjp,1120
1drw,1480
4wyg,6800
1uu3,700
4xo8,1.1
1hpv,0.4
1mfa
1dar,11000
2yhw,2500
1ctr,1000
3zsw,2000000
4luw,2100
3ew2,215
3eyf
1rg7,0.7
1duv,0.0016
3wto,119
3k4v,0.3
1w96,~3.9,3.9
1p1q,12800
4wyp,440000
1z7x
3ads,9730
1sre,140000
1a9t,680
4tte,202000
3r37,27
1xbb,>10000
4i0c
1k74,1.5
2cir,200000
5vb5,350
2w8y,0.4
2vuk,150000,125000
5mrb,471
5n53,2800000
4x8o,60
3ktr
4ajn,69
1mhh
3oky
4db7,273
4asd,33
4l03,13
3pwr,0.3
4zzd,260
3mg5,1
2fqy,270
1a5s,350
4ehq
1i2m
4erf,0.4
1nga,320
1dih,2120
1esz,300
2imf,14000
3iqu
4fqi
3vx3,15
3jxu,320
2aba,700
3ar7,0.2
2o5z,110000000
3hv7,12
3t3q,3000
3hrf,10300
2hzi,0.7
3u10,3600
3hu3,130
2r1x,16000
5dnu,77600
3tl0
5in4,11000
3kuc
5bv6,31
4aci,6000000
3tl9,0.3
3bug,660000
2xi7,7200
1rz1,9.8
4qjo,40
5u8w,84000000
2ieo,0
1y3p
2pyy,200,25000
5vd1,990
3kdd,3.45
4cwv,41300
1unl,1900
2v00,220000
1jif,630
3o56,0.794
3myq,30
1y3a
4rg2,22000
3sbi,12,17,5.2
2uzj,27000
1k1j,28
4a4w,19
2igv
3pty,3650
3zeu
1g46,1.6
4lnx,0.1
2yfa,8500
4c6x,226000
2o3z,2000
2qeh,2.4
4l4z,2100
4arw,74
2yln,21
3d2r,3300
4b1l,~10000000
4er6,0.1
4mr5,251
3nk8,>1000000
1utj,144000
2fgu
4gj8,>500000
4kzq,788
5h8t,18.5
4oiv,8290
2bup,320
4dxg
3rdo,1,0.14
3el1,0.23,0.4
2pd5,37
4c0r,12200
2hr6,15000,12000
2qx8,700
3s56,0.3
2pk5,0.02
8abp,10
3m6q,48
3p8p,28000
3p3t,57.91
1u5b,1600
3uig
3dnt,18000
3mj2,15
2nn1,1500
4pox,3700
5aab,3.3
5ml6,0.358
1fkl,0.2
4exz,29
2eun,50000
4jg0
3c79,63
4gne
5k7h,990
4ubs,65000
1abf,3800
5vse,1070
1dru,460
3uj9,23400
1pwm,16
3atu,320,5
4j14,30
1g6t,7000
2yhy,2500
3jvw,3.8
4r9a,93
1s3x,320
1y52,1450
2cll,50000
4u0w,1000000
2qs2,186
5n16,5000
2w2x
4fem,86960
5h5f,37200
1clv,1
4tsx,10300,24
1b4z
4lkf
2sic
5h5o,293
1joc,24000
225l,422000
3fjx,7000
3lql,1640
2yy1,490000
5ljb,4.5
2fxd,0.4
2v59,6.53
3lgl
4ede,42
1h2t
3lm1,20000
4avj,36.5
2caq,285000
4ucp,200000
2qs1,33
5fnm,791000
3len,2560
5ey1,2260000
4a3x,31900
5a7b,271000
4u0x,590
5d75,200
2ych,1000000
2zn7,13
4knn,16.7
1c7f,0.3
4m8h,25
1t7f
3heg,260,180
5dn9,92000
5ewh,170000
3hug
5ue4,3300
5vb6,430
3wdd
4r6w,5400
3ukw
3t0x,10
3gw9,15
3udh,1400000
1r0x,149000
3n1c,6000
2xdu,19000000
2bsa,<10
3vhe,19
1z3v,77000
3ejh
3pck,200
1bn1,0.5,0.46
5eh8,791000
2vu3,30
4co2,20000
3tiw
4lmu,25
3h42
5hjg,20
3d9n
1iwi,22000
3vhc,1.3
5ikb,1.9
1q7a,64
2ien,0
4uwd,80
4b5w,26900000,470000
1fv0,1180
3vw2,17900
3afk
4g5f,880000
4g45,400000
3f3u,18000
3ff7
4hyb
2qjy,~0.7
4l77,12600
5jsj,3000
1upk
1sqn,0.4
2ymt
2jcv,40
2v88
3c4h,2000
1xqd,70000
4fr3,70
3kqp,380000
5d9j,22
1nr6,~50000
1bf3,120000
3p3s,26
4i6g,40000
4ipj,13500
5khi,170
2f32,73000000
1djx,1700
3mne,19
3w07,420000
3k00,1700
4c1m,15.8
1e8w,280
3mho,320,170
5fh7,137
1fhw,330
5x4n,68000
3cd0,26.9
2izi,1
5n55,1030
3zcw,650,470
3sgk
3zsx,519000
1gzc,320000
4crl,0.195
3v2n,800,320
4apx
3ouj,900
3uo4,299
5x9o,5000
4gue,5800
1j81
4u0s,160
2jdn,2780
1ahy,440000
1y5u,220
5fnc,77000
1dmb,1800
3k2u
2j1a,980000
5aip,1500000
2wgg,226000
5ut6,57300
1yid,10000
5kcb,990
3coz,2700
4qjw,16
1jd0,25
3t5i
4wmu,180
3r9c,98
4lo1,~1800000
2uvi,310500
2bba
2yem,19
2npq,3080
1xq3,0.5
3zyf,14100
4eu0,400,~500
3tf6,400
1fwu
3u9n,<100,100
3wde
4av4,94.3
4k3h,90,140
2zdl,402
3mo2,244
5v5y,13.4
2j9n,20000
4ifi
3qqa,1500
5ftg,700
4q06,730,15
1gx8,430,36
3bzd
1ibr
3gf2,20000000
5bxv,10
3ucb,41
2p42
3lf0,1930
3zbf,4.1
2d06,1200
5a5d,<10
4k3o
2ylg,28000000
4ugy,57600
5drs,1.1
4bkt,240000
4ilg
2ha5,46000
1lbk,668000
3eeb,1300
1ej4
4yvb,1
1qqm,320
4qxr,990
2ylc,13
3kaf,10000
2x5w,1180,1200
3b2t,6210
1t36,9000
5meh,481
4bup,11200
4gwi,202000
1dhf,111
2byp
4ips,657000
5fnj,5150000
1b58
1ex8,470
3pcu,5080
1bzy,4.6
3guo,90900
3kce,200000
2ygg
1w80
5f8w,15000,51000
1efn
5ie3,18200
3f16,5.91
5f2r,52000
4cig,214000
2ha0,37000
1c3v,2100
5vc4,43.7
5iu4,0.2
2tpi
4zzy,1389
3zcm,519000
4tpw,19500,10
3ryv,86
5mnb,3300000
3i33,320
2f7i,80
4xli,0.17,0
3buf,800000
1g45,2.3
5i9y,2.8,0.9
1g85,3300
2h2h
3hy8,672
5jq2,4
5fs5,206
2weq,1270
4ear,0.151
1ndj,1,~0.00069
2fqx,71
1sgu,1.1
4aia,220000
1b32
3f17,2.36
3wtj,297
5mgf,54000
3arv,2300
2vlp,0.000543
2p7z,262
3vux
2wel
5jox,35000
2cgf,390
5h1t,160000
5adw,10.1
5mqe,4000
2xzq
4qzt,2
4j32
5goe,45700
3s7b,500
2c4v,2500
3ul4
2q0o
2vtz,307000
2yi6,42
5b5f,5600
3qxc,1700
2evl
2izh,1
5fnd,320000
2yfx,3.3
1jev
3zvu,97000
1fzq,24
5ty8,3500
2izf,1
2ckm,0.000077
1qk3,7100
1c0i,2000000
3dla,350000
4q07,29,<5
2w8b
4lov,17.1
5lvn,20000
3uzq
4ab8,136000
1b5i
3ad7,3010000
1lqb
3rum
2pdw,37,16
2ay2,13100000
4uap,900000
1j7z
1cbs,>200
1cjb,1
4cu7,26
3g15,100
3wze,33
1ugw,820000
2pd9,16,8.3
5vcy,270
4y4v,224000
4dqh,0
4fut,310,5600
3uxg
1atp,60
2ewa,11.5
5adb,58
5lbc,80
4j7e,14000
4hnn,2000
4q3r,540
1mi4,7000
3ual
4ibk,50400
3onw
4ezx
4c9x,48
4q0k,13400
3fsj,5490000,113000
2yvj
3f34,690000
4jnj,0.85
4occ,0.4
3lp7,3600
3uil,1000
4iqk,1690
1yda,6.8,280
1pot,3200
4j0r,360
5t9z,64
2r5a,2500000
1ofz,24100
1d3v,110
2idz,<0.4
1bj1
2nx1,20
1qlt,4600000
4bv9,1700
4pmp,400
1ewj,32
3fln,0.2
3tay,420000
4ue7,107000
4dkp,1900
2c7g,16000
4kzo,43
3mxw
2c97,720
3qox,150
1djs
3blh
5igp,200
2wkt,49000
5u00,2
4jr0
3s53,0
3rdz
1mxe
1ogz,1400
1g6s,7000
5wbm,20000
4tq3,3200
4mpc,711
4z6h,612
3gqi
1mk5,1
4ih7,5800
1xh9,17
2pdj,14,86.2
4je7,395
2cc6,9.88
1ru1,18000
5ivf,>30000
4y95,1.5
3lcv,18000
1nli,260000
4aq4,680
1wdq,10450000
3g2v
5f08,3000
5mgk,100000
3v3l,370,~370
1deh,1900
5h9p,68
5hv4,1100
1h0r,200000
2vlo,0.000892
4nvp,27
2yaz,7300
2uxi,50
5uny,50
2izj,1
4ejk,5300
5c3p,34400
3lnj
4zb8,940
1pxj,30300
4ywp,450000000
4jmz,288000
1e5a,23
4q9m,66
5i9z,9
2vpe
3nvq
5b5g,5600
3bpc,16000
5n5s,31000
1m83,400000
3h1x,1300,1450
2fb3,290
2ime,14000,19000
3gcv,74
4ia9,270
4dy6,40000
2hf8,3400
3sax,270,140
3iqq
1ha2,2900
2ans,150,1200
4cx5,212
1lo7,330
3zyb
3iw5,839
3gi3,<1.8
2euq,50000
1n0s,35.2
4c6u,25600
3k1j,400
4urz,3000000
1azl,2.4
3fqs,19
4b60
3hec,34000,>10000
2w73
5ab9,470000
5c4l,2300
3dgc
2hzq,~1000
1ngd,320
2fgv
4us3,4800
4qya,70
4auj,18.3
3v2q,220,510
3hs5,8070
2xab,0.54
2rcb,163
4ibd,214600
3c39,109000
4f2w,0
3r51,142000
1ule
4ge1,370
4wf4,777000
2xdx,350
3ov1
3b9f
4pp5,18
4dtz,8900
1g48,3.9
5mf6,38000
3zll,395
4dcy,30200
2ay1,5140000
4dqc,0
2qjb
3luj,120000
2z8e,10
2xv1,1030
1fe8,2000
3ud5,150000
2y0b
4ugb,237000
4jc1,43000,50000
3uod,49
5hv0,1100
5afz,160
3tb6,8400
4uu0,0.2
5m7p,70000
3iuc,2170
5vsf,94
2qry,2.3
1l5s,550000
2wo2
5etl,23000
5o0a,580000
4ckl,44
4o3f,2780
4q0l,3.3,<10
2ca8,22000
5u0d,28600
2cle,280000
3g3e,13
2r1y,31000
1if7,0.03
2sni
1lnm,2
3n0p
2q2a,39
4ala
5ml2,13
1lr8,10
5h9r,840
4k10,120
2imd,14000,19000,5
2f6j
4l23,1.3
1m7i
1lbl,14
4m12,900
5aut,6700
3l5m,8400
3hzf,0.4
3ivx,1800
3hjo,300
4due,700
4k55,3060,1450
3dp9,0.208
2wik,660000
3ch5
4k3r
2qm7,1300
1clu,5.4
3pxq,37000
5af9,1003000
3ijg,54000
1x8r,15
1gaf,10
3cd7,14.3
3drg
4b9h
4dew,70,100
5doh,32
1jiw
4r73,960,23
4lpg,3200
2pdn,3800
3kqm,170000
1qpd
4jfk,360
5nfb,770
3ug2,5.6
4aif
3lb1,536000
2rku,0.2
3ncb
3ma2
2vcb,5500
5i3w,0.6
4zdz,130
2xn6
2pdh,227
3ib2,480000
2uyw,0.0001
3g7l
5ggl,16520000
3qo2
5k2a,0.2
4m0y,8200
1amw,29000
3eyg,1.6
4e96,136
4fcr,0.4
4zan,12000
3ao2,170000
5fe6,6910000
3g9w
4ly9,7
5kcp,15000
2f8f,21000
3qse,>10000000
5nk7,467
4k0a
5kqy,0
2oor,300000,27000
5ewy,50000
5ior,170
1pg2,11000
1cz8
4co4,2000
5wl0,0.67
4f1y,960
1z16,2300
2g5u,3.2
3qin,136
4pb2,16000
2vcx,51
2i4j,270,685
4fqj
3pju,13100
1ykj,700
3b6h,3400
3lgs,24800,1700
4xxh,10000
3lzz,146000
1czl,1.4
4lh5,24
3sou
5aqf,110000
3qzv
5fe9,20980
2z58
3egg
4qtl,120
4lph,9200
1oj5
5elv,160
4mr3,1142,140
3bho,2440
4ibj,47000
4y24,220
4zvn,0.36
1a7x,0.2
1oz0,20
2a25
2qs4,38
3r32,6
5bqx,1600
4ago,15500
2w92,28000
1jqx,95000
4qzu,2
3vqh,23
1pgp,2000
3zt2,1375000
3hs4,6.8
2vnj,222000
1hms,430
1btn,40000
4m2u,0
3b8h,63700
5c85,105000
1udt,~0.5,0.5
3rug,4400
1hs6,2050
1rz0,9.8
5ka9,39000
3iet
5ggn,220000
4y94,238
2qwo,320
5ipc,13000
2xm1,8500
1hsg,1.1
3uyo
4aj2,4200000
3c2f,10100000
5c79,7000
4bva,60
2bt9,640
4cjq,256000
2y8t
2i4z,1978
4rpn,110
3q9n,130
4l8a,3900
4xrq,86
5ta2,11
4f14
2qfu,7000
4xv4,68000000
1ii5,240
3ac8
5hvs,71
1xb7
3zsj,93,231000
3b0w,109
2w4x,14000
1c0l,6200000
2b4j
3t6f,1
5vw8,<20
5lpm,2770
2uyq,2100
4xjo,132
2a4m,30000
3lbd,0.8
5ulp,24300
2z3r
5ko1,230
1tq4,640
5e2l,93000
2h2d
5ufr,2
3omc
2h23,21200
3q8d
3d7f,143
3s0d,280,90
1jmi,870
4zdm,31
2whf,4800
4qiy,50
4xt2,63
3ml5,17
1vrk
5j32,8300
3bx1
4c73,12100
4qgi,0.3
2iyb
3s9t,150,220
3sbh,52,33
4gn3
3h0a,7
3kv4
4fl3,150000
5ahw,3320
1a9q,680
4ajj,280000,770000
1qpj
5mka,72000
1nf8,15
4c1t
1jrb,1450000
5ett,590
4csd,900
4np2,4600000,5500000
4q6d,43.5
4qtb,84
4fnn,27.2
4nkt,1080
4kp5,833
4ezy
3rj9,24000
4qjm,6.7
4agm,104000,105000
5jxn,388
5cu4,320
1onz,8000
4css,3.5
1w70
1pk8,120
4ad3
2cet,9.6
3mno,19
4kbb
1det,50000
2zhd,287
5c7n,270
1lw6
3po1,95000
5g4m,138000
1dl7,320
4yxu,60.6,57800
4w9k,291
3cpj,18900
5u5w,154000
4oas,0,0.045
5f5z,86
3n8k,90000
2hj4,4290
3ime,1000000
4onc,410
3ljo,239
4pum,188
3gy4,8000
4x5p,6.2
5l9i,99
4loj,300
1b3l
3ekq,176,0.3
3m9x,130
4kkh,46
3hqh
5fls,905000
1no6,26000
4dmw,11400
1b9j
1tt1,39
4dub,1300
3n7a,200000
5dtw,3500
4afq
4d1j,485
4pzh,<10
4kub,3900
2wva,0.02
5cxi,280
1obx
9abp,10
3of2,4700
4cb5,13000
2vzl,550000
3ar5,0.2,7.62
4g01
3sjh
5ia4,52
4xoe,9900
2p7g,297
5nk3,38.02
1fcz,0.6
1rk3,0.37
4b7s,81000
4wr7,0,2
5e2m,59,560
3zso,7600
5m7u,8
2i4p,1978
1e3g,0.5,0.99
2wcv,1700000
4ug6,2680
2uwd,4.5
5ezh,24000
5t9w,2600
3d9o
4aax,199000
2pdl,588
1nzy,2000
2gyu,27000
4lv4,9390
1tco,0.2
1nl0
4wyz,50000
4coh,~10
5acy,6.4
3gpb,9500000
2j78,384
4agq,9700
3bxf,2870,3340
4c1u
2yfe,236
3m53
1hmr,280
3tww
4u7w,45000
3hkw,2.3,38
4lht,161000
1ydt,23
1n43,1,~0.028
4k9y,111
5ehw,1005000
2br8
4qsa,40
2gce,24500
4lwp,45000
3pd2,3400
1xjb,880
1c6y,1.1
1q8u,1100
4o33,2780
4kox,16900
3ht7,280000
3zrz
3mbm,135000
3olt,8070
3iux
4l58
4n9i,25600
1at6
3r9a
4att,53,105
3cqx
1mpw,1100
4y4j,3400000
4m5k,5900
4ch8
4cc2
3t2w,35,1450
3ilz,0.4
2vk2,130
4nz2,2000
4r43,9300
3lfa,27
3haw,1010
3dpo
3ern,~40000000,18910000
2wdo,2400
1d2v,20000000
4gzx,645000
4m5h,29200
1jt1,400000
1r0r
2mta
3hxg,270
2hf9,3400
3gy3,2360
2aqk,23000
3bpx,500000
3myg,0.02
3ftx,2050
4iq7,1561000
4egk,19
2yk1,7.4
1x7z,40300
2jcx,40
2xxv,39
5ivy,360
5bpl,320
5ibh,275000
5adv,10.1
3ncc
3pxz,37000
1njd,2700
3k98,<1
3nuo,0.4
2y7k,11800
1rx1,24000
2foy,120
5bt3,21
1w6o,420000
3d0e
5ioz,11000
3l1n,2340,6340
4ajl,160000
5jq5,2341
1tlg,440000
3t0w,50
3kyg,34.3
2cmr
2jg8,37,500
1uad
3eba
4zzx,125
2xde,3420
4ktf,40000
1fdq,53.4
2ikj,14,40
2r0z
5ia0,187
2vnh,222000
2xe6,109000
5ml3,0.203
3qbc,10800,12800
3wtm,100
3l95
1mrx,55
3cuk,3.1
4w52,175000
4m5l,18900
3kqy,15000
3m3o
1ze3
1x7w,60900
5tbm,49
3f70,14000,~4000000
1ow4,2100
1hmt,1640
4ym3,1900000
3zyu,100,53
3d0b,290
3fh7,25
5d3l,880
5cf8,0.5
1kmy,8000
1i9n,2.2
2voh
4knm,10
4g0q,3000000
2oah,2000
4blj,2100
5etq,330
1lbf,14
4u5o,3800000
1sr7,0.1,0.08
2a06,~0.03
1axz,637000
1b3h
4geq
4iq9,39000
1tl2,51280
4psb,23000
2xjx,0.71
5l1t,115000
4pin,4000
2uxu,18000
5ab6,900000
2e7f,790
4hy9
4etw
1u8t
5ekj,1000
4zyf,2.3
3bjm,5
5aaa,3.3
3quy,187
3k41,150000000
3q9u,130
5ka3,26000
6abp,440
1agm,~0.001
3mam,76000
4glw,800
1swd,1
4l1u
2uyz
1d7j,500000
2qta,1750
4xty,0.614
3jw2,0
3m57
4b74,22
3gs2
2vmc,1150000
2yjp,21
1eli,1370000
2clk,164000
3lff,196
1am1,132000000
3htb,73900
3a1s,14800
5vjg,310000
2wx2,230
4abd,40000
3ffa,690
3c4m
3zy3,350
1jrc,44000
3gj4
1ec1,3
3ar3,0.2
2we3,37000
4r74,8
2y3f,1
2rfy,6000,~6000
4jg1
3nkk,20000
5boj,100
2f5t,6800
4lbp,11400
4l9i,13000
3zsi,2.8
5hwu,5350
2wji,9600
5e73,23000
2p3i,330000
4uac,302
1lek
2vnk,222000
1ez9
4ua8,550
5u8v,84000000
2aoi
3c9a
3w8h
3ikf,135000
3evd,124
3fzh,6918
4qb3,3400
3c6w
3nhi,3.7
4qmn,37
3mhm,100
1t5z
1wva,270
1qg6,0.022
2aa6,0.4,0.39
2aco,2500
3vfp
2jdu,190
3s77,61
1b40
3ufv,198
5u61,40
3tkw,5400,0
4j0m,3.6
1iwq
2yge,8620,24500
4jn4,1380
4ib5
2o4n,15.01,15
5ihh,390
3m96,60
2byk
1dvx,1000
1zv5
3te5,12300
2wc4,5100
1ogd,930000
4afz
4ejh,4400
4nks,69.1,67.9
4ayu,18600
4arb,1300
3py1,37000
3nq3,166000,167000
3wzq,1450
2wh6
3kr3
5ofw,1600000
1bm7,30
4abe,400000
1l5r,17000
3elc,2020000
5a8e,0.042
3b24,42000
4guj,900000
3s76,9000
3q6z,192000
4gd9,1
2qfs,7000
5mob,90000
1kv1,1160
2cbo,40150
4omk,40100
2p46
1y0l,~1,1
4gq4,22
1rnt,6500
4ara,900
3b4p,4000
5vcw,1105000
3uwn,9400
4xx9,8000
5cyv,11000
1a42,0.13
4yux,180000
3qlc
4gs9,2200
2clf,280000
5xsj,368
4tz2,350000
1h0a,3600
3mhi,200
4io2,203,200
4q26,150000
5vd0,324
2pye
4b5s,320000
2a8g,205000
1swr,1,120
3rul
4wt2,0.039,257
5flr,1350
4did,6000
3tz4,3200
1x07,520000
1ugy
4fl2,220000
7cat,<10
4pmm,27
2wxp,5
3h8d
3efl,26
4mo4,60000
1if4,435
1l2t,~800000
2e2r,5.5
3c8e,1300000,70000
4hdq
4cqe,<3
4ez7,37000
3r6u,30500
1p1o,1740
2r0l
1q72,140,1450
1oba,3600000
1kxt
1g4j,2
2idw,0
3rsr,44000
4g44,1600000
1wcb,26
3ozw,10100
5v13,23.3
2q7q,5000,<5000
4zfi,500
4lps,1800
5i3a,9000
3hu8,790000
2y7j,5.9
5unj,240
3aa0
4bk1,48000
1lfo,~2000,~200
3ujc,26000
4u5n,3300000
2v95,5
4ffs,0.036
2weo,118
2arp
1laf,14
4hpi
5fol,215000
3r5n,1670
1d6v,670
2o9a,156200
5khk,410
5u5u,619000
3jvk
2r58,10000000
4lok,260
5mwj,522
4ds8
3h26,5260
5l4q,53
1y3n
1utn,321000
3iqh
5nk6,158
3m6r,32
5his,19600
3wha,0.48
4abf,24000
3f9w
4z69,2455
3m54
1toi,90000
1tvo,850
4bqo,58000
3ix1,200
2y1n
4qvb,170000
4pow,570
3f1a,61.1
2as4,7700000
3as0,28000
3cx8
1b05
4id1,24
3uze
4avv,8.8
4dtg
3rw9,1100
4qo7,3500
3v2j,6.8
3d9m
4txc,240
1uzn,11200
4lke
1qbs,3.8
2pev,61,16,6.5
3gum,422000
4b32,460000
1u27,100
4o0j,40
3e6y,2500
1o94
2yi5,39,34
2izg,1
4h5d,580
5ls7,524
4ug9,8610
1drf,111
1szd,29160
2qv7,219000
5igi,170
2b60,0.6
3o1d
5cs6,630000
4w9f,3270
1ixi,360
4j1p,206
5cfm,50
1oim,4762,4800
4w53,102000
3nx7,7.88
2xp2,3.3
4cnz,20000
2as1,20000
4mmp,19.7
1jq9
5nf9,4700
5n18,2100
2q8h,1000000
3tac
4w57,14000
1fkj,0.2
3fjz,7000,160
3jrx,~1,1
3m3z,12360
3jzj,248000
3pp4
5nu5,470
2iwg
3w5n,135000
1m13,27
5m69,5700000
3fzy,180
4d8z,510
2pdb,97
5fnu,1.3
5j1r,22000
2w9g,8.1,0.97
3guz,42000
3t1l,550000
1lin,1000
5ia1,370,530
4kni,16.7
5ad3,7.9
3ttn,14.3
1gwr
5fdz,6800
4q4s,112
5fg5,13
5ekh,1110
4hmq,5.8
1avx
3qyy,8260
1y7i,90
5ldk,70000
4av0,105
4h81,7500
4b9w
1e96,2700
1a9r,680
1uzv,667
2jbj,0.4
2g79,120
4ihl
3qug,2600
3d1m
1fm9,1.5
1i00,460
1oxr,6400,1450
5hwv,8500
2o3p,25
4aw8,22
4q4q,1639
3tei
4ejl,7200
3ryx,7.3
2qtr,3200
4jyc,200
5nvv,105
5k9w,26000
4oof,40
4duh,6600
4u43,48000
3nii
4ocq,24700
5aom,1270000
2zq2,276
1sg1
2o4p,0.019
1gni,8.5
1rbp,190
1b2h
3qfd
2xp7,1700
4cst,1.3
2qwn,320
4rlt,10900
2vpn,190
3u5l,640
2avo,1.1
4b76,29000
4aic,40
4h5e,860
2w8w,7500000
5bvb,474,498
3rhq,9200
5e8a,34
3f6e,4140000
4ucc,48000
3r24,5590
1ceb,1000,1100
2ci0,5000
3u3u,133
2v8q,24500
4c9w,781
4lkk
3m56
4ze3,110
2b11
2vog
4n4d,266
2cb8,2.5
4kot,3500
4ks1,1.5
1m6p,8000
2qx4,1400
5edl,4.5
3iaw,1570
3kqt,4600
1eyn,40800
3bwj,319
3cx6
2tgp
5m9w,5700000
4ih5,78000
2yq6
5khh,49320
1rpj,330
2clh,87600
4y38,4000000
2c1p,4000
4ibi,73000
5nvx,44
4aba,153000
5acx,9000
1gww,258000
2oz2,1930
3o8p,1160,350
3s8l
2bgd,<10000
4ayp,755
3v3b
1akv,0.0026
4uin,24
5g2g,900
4i91,220
3rdv
1ykp,1100000,39000
3wqm,560
1i9m,3.3
2yay,800
3kdc,0.52
2ozl,920
2d4n,1200
1fgy,100
5aac,3.3
5luu,8630
5x4m,1200000
1sv3,45000
3k8q,0.0052
3c2o,450000
2hmu,20
5ug2,~712000
2oo0,50
2jjs
4ks8,2400
4mre,6400000
4q6e,667
3gj8
2ra6,30000
2foq,235
2anz,60000
4emt,5000,4630
4btk,240
1n7m,1960
3kn0,100000
3gpe,1800
4io7,211000
4duf,3300
3zt3,1435000
3b5j,2100,1200
1h8s,1540
4g6u
1wdn,500
4ly1,55.2,38.1
1g53,0.91,3.9
3ax5
2ofp,9400,160000
5kad,37000
2ha2,22000
3hvg,4450000
4zv1,5700
1ork,1.56
4hso,22000
5njz,16.6
1bir,138000
5lht,2000000
2xtn,40
5err,260000
4cc3
3a1d,75000
1vzc,0
4abb,31000
3al3
5lwd,570
4xj2,3700
4jfx
1lgt,800
5hkg,0.2
4rr6,1000
4wye,41800
3nq9,92600
1z3t,115000
3h3g
3ljj,300
5e1s,12
3ary,1000
3ndt,0.3
4ka2
5ta4,24
3wa5
2r23,190000
3g5d,0.1,11
3bym
4ahs,6400000
5vad,0.76
1re9,~20
1zvy
4ocj,20400
1bky,144000
2a9k
2ydw,19,46
2ivz
3orv
2wds,450
1e4h,3.9
4f7v,4160
4edf,33000
1b52
5aix,170,12
5l8p,185
5i3x,8
5am7,64.5
3brn,<2,2
1qkt,0.92
5m28,43000
5ee7,0.97
5eu1,15.4
3kyf,165
1ky8,1000
1if8,0.23
5hjq,19000
5kva,8600
3tje
4ajo,93
2v5v,4.8
2xc3,1680
2ymd,693000
3kr2,7200
3hx3,~10,10
4ceb,1080000
4zmf,160000
4de5,670000,700000
3d20,0
5tha,140000
4nkw,<100
3lk8,19.7
1qkb
2hqs
1c9h,0.2
4dxa
1v48,0.5
4q4o,34.3
4io4,24000,24500
5abp,230
3q71,6000
4bhi,9300
4qxq,1990
2xfh,<10
1swn,~0.001,1
5drb,3.71
2omx
4zs9,21000
2h8z,2500
2vln,0.00168
4ud9,475000
4gu6,44
4pop,7.4
1mh5,0.61
1swt,1
4bcq,147
3kmx,15000,15
4qxv,70
3gcs,260,56
4x5r,14
4azg,79.05
1dvz,78
4ab9,466000
1li6,159000,160000
1bnu,0.2
1flm,0.43
4qjp,2.5
1utm,972000,971000
1b0h
4ek6,910
1pg0,~1000
2aqb,500000
2fsa
2bik,10
5i6d,8000
5l4m,4600
4dst,1100000
3ta1
1ax2
2q5s,29
4iu3
1ax1
1gua,40
4jpx,7000
2qm9,17
5gmm,29100
3zm9,38
3mct,85500
4ury,6000000
4x60,<1
3knb
3nu4,0.4
4bi6,113300
1bkf,0.2
1k1l,125
1x70,1.3
3b82,37000
4qs7,89000
1avn,125000
1s8j,17000000
3v78,2900
3nu5,0.4
3hdq,220000
3qoa,210
4tz8,500000
3e5a,3.9
3rvv
3lfe,586
3upk,50000
1s19,0.31
1igj,0.1
3lbz,138000
1gx0,60000
1c5c,110
3r96,1030000
1xzx,0.06,0.1
4fmu,360
2w2m
4ffy
3atv,4610,320
3f8f,236
4ww6,0.9,0.062
3g2s
5c3q,34400,32000
5twj,5580
3exh,13100
4bhf,4100
2vwc,240
2cib,5000,7200
4e34
3hlo,610
4iaw,0.234
2il2,79
5ggj,17780000
4ur9,3100000
3lqi
2fu5
3mf5,4320
2h77,0.1
4ueh,355000
3ip9,2400
2oin
4ra1,1640
4apo
3pg3,1656
2az5,5360,3
4ll3,0,0.0027
4r9b,93
5ka7,45000
1lhu,1.48,1.5
3s8n
3d2t,75,580,1100
2byr,2.8
3fw4,0.4
2ha6,48000
3v43
4d7b,58
4abu,13.9
4j93,20000
1ols,1520
3sw4,190
5o2t,3.9
5tef,4000
2jjt
3r52,498000
2vt3,70000
3bn3
1pfu,1900000
5isl,52
5d8u,949
1h62,17000
4iax,0.273
4rd6,520
3p2v,1290
3cx7
1ewy
3mp6
3cyu,60
3fp6
3a73,420000
3zt4,1375000,1570000
4g5y,1690000,1700000
3ryj,16
4kow,49300
3g5v
4hiq,6.2,193
4luo,580000,>2000000
2rtd,1
4yw7,130
2vfx
4zog,3
3vje,9.7
2w0b,58300
3fql,71
4kii,590
3vw1,21200
4cyd,17000
2v8w,150,146
1tr7,150
4f20
2ast
3h78,57000
2y1w,465
2w19
4uga,61000
3c0z,36000
5jvi,310
5kat,78700
3art,37000
4gw5
3eys
2r5p,1.1
3h2k,76700
1dhi,55
1odj,80000
1v1m,115000
3tnz,90
2uzi
2cbv,3300
5irr,5400
3uef
1pvh,80
4ibe,70600
4dcx,31400
5mo8,1640
2nnq,2050
2h5a,8000
2hbu,80
2bal,490
1sw2,60
4u4s,1200000
5h1u,63000
3nrz,4600
3cla,13000
1sbr,10000,253000
4qoj,54
3asl
3gcq,342
5e6h,79000
3ry2,1
3iob,380000
2p5e
3uev,1290
1t79
2wd8,10600
1gca,200
5d3h,7900
1l7x,92000
5nkc,18.62
4e70,2940
3jyr,248000,2900
4igq
3un3,230
2p8n,700000
3oxz,0.7
4loh,110,5300
3mmr,11000
1dhj,281
4b0j,7100000
4ijh,47000
3r3d,13
4c0c,<10
2zdk,428
1r0e,0.1
5tya,32900
3ay9,320,4.55
3k54,1.4,1
5c6c,418
3sw7,61.7
4b73,62
4asj,28
4c4s,660000
4rrg,3875900
4z1j,7.7
2f81,0
1fkb,0.2
4b8y
5l1v,43000
2c94,150
2v83
2vsm
3q6w,27
4ze2,130
2bj4
2xk2,10000
3cda,26.3
1z11,1600,1900
1n6b,20000
4auy,18.3
5ets,1240
2y34,80
2zm3,614
1ipc,10
4zpg,55
1ugx
2aqu,0.4
1w9v,460
3rz5,13
3qnj
4cx1,7270
1bkj,170
4gny,52000
5ivc,1200
5il1,1500
1xkk,0.9
5duw,510000
3tws
4hu1,29
4i9h,68
4zb6,530
5gs9,5500
4naw
2wx0
1hsl,64
2h2j,4200
3lk0,696900
4xoo,14700
5eb3,35200000
4fe9,990100
5nka,3470
5ig6,213700
2zyn,1200
2j2i,50
1ydd,6.8,86
4zee,1510000
1bnn,0.1
3ekv,0.4,0.39
5ha7,104,210
1a2k
2j7f,445
4ugi,18300
5cu3,320
2hqw
5khg,20230
4gw1
1olx,47100
4ze1,150
2iwx,210
4d9r,0.004
2nn8,260000,93
3kmr,36
4gng
3vws,225000
3q8h,70000
3ll8
2aqi,32000
5cgp,120
3l59,200000
2cc8,35.76
5csp,58000
4qs9,15000
4qac,0.4
1d6h,128
1i1e,9400
3cdb,95.7
2f3k,0.95
3crz,24000
1mfd
1xw6,2400
2zif,43000
3ad5
3o8t,1160
2fzw,76
4k71
1q8t,17500
4d3h,370
2wn9,3
4poj,8
6dfr,24000
1qiw,18
5chq,262000
4w9h,185
4c1d,0
2wq5,180000
3iub,29000
1ms6,0.3
5u5y,522000
5o0b,66000
2zfs,287
4ad6,16700
4mr6,251
3k2m
3oy8
5g3u,42600
4n7m,3400
4efg,55
4cfk,1830
4j7d,20000
1l8b,10,140
2qx0,780
3cyw,0
1z10,270
2ofu
1xd3
5eou,4370
5d3p,7400
4hpy
2jj3,281
3c2r,780000
4l6t
5c5t,681000
1b42,97900
4tmk,20
1r17
4xjp,108
3d9k
5hva,86
2a31,97000000
5nk4,2
3qbt
3ozj,7700
3f78,800000
3mhl,50,56
3ac5
5lbb,80
2omw
2xuz,40
4avh,59.5
1jr0,12000
3da9,3100
4cl6,4000
3hv8,104
4nyf,49
1bcu,~530000,530000
4no4,420000
2vsr,2000
4qoh,54
3t04
2qic
5jaq,1000
3iw8,13400
3oct,1.4
3lck
2o4r,0.4
3rux,0.9,0.53
1ikt,400000
2yga,24500
4hla,0
2xdk,250000
5m5f,5700000
3zln,3.4
1r9l,4000
3if7,61
5ml4,<2
2w95,302000
4rd0,240
4kqp,1490,900
3gus,900
5aiv,650
2x6y
2y4s,700
1z0k
2ptt
4b2i,1000000
2o63,780
4u5v,900000
4ef6,1200000,1180000
3uvx
2w08,380000
3dp4,43
5f0f,1000
3qq8
1l6m,7.9
3k7k,~8.86
4ch2
5ewk,14000
1nzv
1vyp,70
5vc5,11
3up2,40
3cwk,250,>200
4gn4
5l9v,2000
3o9p,300
4wyd,11700
3aqa,28000
1kf0,2800000
1fj4,26000
4ugr,11000
2vay
1qpb,44000000
1bnq,0.32,0.3
3pn4,140
5l3a,13000
1b39,120
3lpl,2390
1rjc
3hpw
4rrf,555600
5itp,6100
1fkf,0.4,0.2
4j74,26000
3c4o
5nki,18.62
2j7h,65
4jpy,37000
3wzn,1
1n8u,930
2hrk
5jh7,45
1gpy,~25000,20000
3dkj,2000
3gj5
184l,19000
4lol,490
5e3d,95000
5fqk,15800
2xbk,4000
1vwl
2pcp,2
3ck7,89000
3aru,600000
1yru
4etz,500,~500
4efk,3200000,3180000
2r5d
5g4n,101000
4kp8,3330
3r3b,37
3ar6,0.2
1xow,0.52,0.5
4i7k,905000,102000
3kyq,61000,60000
4wf5,777000
3v1c
4i4i,2100
5nf7,37500
3e5u,1400
3zkq
5csh,270000
1ew8,5500000
2fsv,~20000,25000
2cgr,53
5mn1,3300000
3nik
2cis,985000
2qbu,645
3run
3byo
4qte,84
3zwz
4lkd
4qsb,1300
4udc,19
3dkf,0.2
4uxq,16
3a6t,52
3emh
3gpo,5000
5nfa,5600
4tvj,0.3
4nka,447,311
2drc,0.13
1okn,2.3
5ha0,<1
5tf9,4400
3fsm,100
2d0e,43000
4g59
3lb4,3720000
4x3t,28900
1sg0,35,54
2rca,16.4
4i3z,51300,51300000
5nk9,724
2jf4,7
2wy3
3adw,72800
2xgs,530000,110000
4zij,565000
3q9o,513000
2xzc,2300
3vh8
3d2u
5wbo,62000
4jin,2280
3m3r,480,1450
2py4,200
2bmz,200000
4ghi,90,81
4hva,1300
3f3t,26000
4jvb,39
1b6h
2d09,7300
5u5x,1300
2pze,840
3zvy
2xpx
3r7o,4.4
1kel,52
2w09,35400
1d2e,1000
5l1q,170000
2r5b
1ba1,320
1czh,3.5
5ejl,240
2y33,80
1j80
1zkk
4kby,186
3fup,0.6
3uvk
1ryh,27.6
5lje,250
2pdg,35.5
3ip5,600
2nsj,16300
2v51
2aac,6000000
4ahv,15000000
2wyf,70000
3k87,1800
4ugg,25600
3k8o,0,0.0086
3bu1,7.1
1lj2
4jfm,3300
1bwn,87
5k2d,0.2
2voi
1qlu,22000
4xzh,91.1
3img,1100000,1000000
4km2,820,1430
1rgl,37000
3ao4,8500000
2efh
4gu9,43000
4ucm,180000
3b99,1900
5ut4,42000
3l6x
5mpz,85000
1k2v,36000
4zjj,9.9
1h2u
2uzw,5
3mv7
4gui,230000
3m0i,1850
4axd,37000
4cjn,17500
3ekt,0.026,0
4awj,~10000000,10000000,4900000
4h3p
4idn,5770
3w9k,480
2cjs
3d7k,25000
2avs,1.1
3ojm
4dve,0.3
4do1,280
4m5g,9700
4oex,1500,1450
5ljc,65
5tbe,4.4
4zhf,22
3ar4,156,0.2
4u5s,3900000
5nk8,229
2o4l,0.608
3qml
5l7v,9.6
4ymx,79
2mas,30
1tys,3270
5fwr,17.7
2p48
5cc2,80000
3zsz,2000000
4fxq,1700
5fnr,59000
1ats,320
1fwv
4wyf,21700
2vx9,36
1obo,6.72
1czk,1.5
5cpr,27.8
2pdk,270
2v8y,7510,1960
5flq,1080000
2e5y,22000000,1400
2qvu,360
5ty9,6100
5aol,4800000
5t9u,25
3fzm,50
3mdz,0.7
4tqk,28310
3l8x,10
4gda,1
1uj0
4ipw,14500
5b2d,56000
5ma7,336000
1k1m,40
2fxv,4500
2c3i,25
3pxf,37000
2pdi,53.2
4hdo
5mxf,260000
2j7g,100
3ayd
2h21,290
5kr1,0
1f5f,0.2
5eq1,21000
5ers,2000000
2f34,130
4emr,32.1
2jjc,19000000
3ies,0.12
4zvi,470
4jal,25000
2z97,1000,3000000
1czo,350000
4fxp,80400
3bf1,2700,3000000
4lwc,190
2j77,12900
5ehr,73
4ios
2vfk,194000
2q2n,330
5ekm,480
3tkm,22
3gvu,>1,10
5nzp,6500000
2omu
2yme,549,22
1y6q,0
4xu2,0.592
1m01,3000000
2rtf,1
3el4,67.4,0.3
4w55,18000
4uqh,240
3tea,9
1jpz,4,262
1ti7,65000
1lvk
2a4l,2900
5dlz,1800
4d9q
4ck3,268000
8gpb,250000
2rio,20400
3f8c,21
1bn4,0.5,0.49
3mzg
3ck8,146000
3bir,112000
3bbb,100
3gjn
1ax0,746000
1b3f
2wzg,100
5khj,1330
5j3l,16000
3gy7,30000
1rbo,0.00019
3p2h,3600
4ugw,450
5g45,500000
5dlx,2000
5ar0,720
4aji,280000
3jzo
2eum
1f34
1jeu
1u21,5
3k5v,500,>1
1owb,1160
4q3s,260
1hxw,0.6
2yim,120000
4i53,110
1k1n,153
2b5i
2q2c,420
1m48,8200
1qpc
1k1i,264
2r7g
2i6b,68
5tco,3.14
3wtl,92
5chr,40000
4fmq
5ia5,25
2w97,110000000,~9
2ha3,930000
1j0x,10
5aoi,940000
3r3f,37
3d1f
2w8j,1100000
3i8t,600000
2dkn,8800
4ovh,14000
2yi0,13,7.5
5myg,31
3scm,3030
1x8d,6160000
2y9q
2pfh,61,16,6.5
4o2a,1800
2jdy,42900
4dkr,300
3el9,4,0.4
4m1d
4nxu,2900
2bsl,8000
4co1,20000
3lev
3gdq,320
4m13,200
3r0l
5a4c,5.7
1nez,10000
3cfn,10000,1100,4300
3ayc
2hu6,154000
4xu1,0.324
2f4j,3
3zlv,27000
1el7,1460000
5l4j,52000
2uyn,2000000
3nu9,0.4
2rd6,1.7
5lif,1340
4qbk,1450
1xt8,100,140
5d40,4900
4g8r,22
3fj7,195000
3zo0
5mod,300000
1ke9,210
2w9h,430
2qpq,430
1yet,152,1200
4jzx,199
4r5e,1450
1gwm
2wnj,330
4qmu,180
4h85,7000
4wmy,85
3n3i,0.3
4f1l,7600
3amb,>10000
5kr2,0.3
4eej,70
1nja,490
3b28,3.4
1q0y,~1
5j5i,130
4dbm,24
2es4
3b50,28
3c4p
3kj0
4ymg,21000
4ugn,17800
5l4i,260
5f61,35
4k4j,752,33
5lsg,4000
1nu8
3bxg,10980
3gj3
5htl,500
3gy6,1800
3gfd,90
4wya,6900
2aoj
3p5o,50.5,48
3l81
1d7i,250000
4kmd
5c03,15000
5cfw,780
3s74,4
1iwj,79000
2wuz,230
2c92,2110
3zk6,460
2wbd,230
4abk,1900
2gz3,6000
2r09,100
4bjx,4.4
1o7o,32000,2690000
2jff,120000
1bnt,0.16,0.2
3jza
5mam,3340000
3hv6,300
2r0d,100
4x50,17.7
1ew9,600000
4gzw,30000
3udv,2550
1h9s
3ie3,210
3f9y
2q6m,510
3p6z
4bj8,5.13,3.74
3m63
3rm4,1690
3hp5,2.8
3f3e,20
4euv,500,~500
2nnd,870
1we2,44000
3ms9,6000,>1
4ktk,180000
2hjb,40300
1vkj,14000
2gl0,15000
4fia,1800,2900
5dn3,3770
1bnw,0.83,0.8
3sap,14,26
1gwv,53000,2680000
1lif,80000
2qs3,1.4
2zm1
1tlc,76
2wh8,1080
3f18,39.5,29.5
5i7a,320
3zhz,90
3nu3,0.4
1e3u
4lwb,4400
5ey4,750000
4mjo,600
4ogi,37
3fat,22.8
3nee,4600
3i7s,29900
4ekv,1,1450
4zcc,81000
1kxq
2jbv,290000
2hs2,0
5j0d,134
1fzm
4zdy,130
5lbf,80
4jsz,660
4y3j,6800000
1cny,14
3b27,6900
5t7i,62000
3a1t,14800
1xq0,454
5u5z,3472000
1aj6,7,1200
3euf,1200
2yel,19,52.5
5fni,330000
4gwk,460000
3ed0,450
2nsl,20900
2r75,714
4cp5,452000
2wfj
1aj7,135000
2c5o,30300
4ieh,14
2fxs,870,520
5mk9,41000
5etm,3900
2vo4,11600
4b3c,2100000,1900000
4r0a,55000
4i7l,103000,90900
1czr,1
1xws,10
4dko,300
1utp,36000000
5ka1,33000
5e89,14
4lw1,710000,1400000
4qij,2900
1nw4,0.86
5kbf,1.2
4fki,6891
3le8,860
4dm8
2jhf,5
4hg7,700
3pcn,220000
5cfq,<1
2f47,148000000
4mme,318
2jlb,4200
3iw6,3290
4zb9,3090
4lzs,16000
4lwa,1100
4ipn,408700
5hvt,55
5igj,180
3im4
2xn5,123,205
2e27
3ixa
3feg,45000
3c2v,10100000,780000
4pd6,36000
3ijh,100000
4ego,44400
1m8d,~4300
4kov,176700
3kmy,32,32000
2z92,66.7
1m5w,54000
4k6i,629,7
1xh4,34
5lvr,250000
1obv,1.04
5brv,0.96
3g08,6.84
3n35,431000
1wbj,310000
5etn,4300
3tcy,24000
3uec
4rus,300000
4iph,5010
2aof
2zbf,0.2
2nnk,0.3
3u43
1kzo,5
3ny3
1s1q
2cbu,2100
4jne,1380
4jxh,500000
5vsd,57
4etq
1usk,400
1n9m,1,~0.011
1mai,210
4rpo,22.8
1qqo,320
3m3c
3oj8,4.4
4euo,9000
3jup,2630
4cx4,198
3fsk,32
1rgk,49100,49000
3mhp
3ma0,130
4qj0,48
4e1k,500
3ozv,1280
3d1x,0.3
1b38,254
4ejj,470000,54000
2vvn,50
2ra3
3rho,260
4n5d,607000
4ymq,1600
2cjw,2500
4qjx,52
1zz1,300
3ghw,20
3d91,0.131
1njc,2800
4g8n,63
3vhd,0.52,0.5
2pzn,14
2fju
1vfn,680
1q8w,5700
4i9o,1900
4crz,35
3h7u,163
5lbe,80
5mge,87000
2vlq,0.0228
1y98
5ln8,44300000
3aj5,29900000
4det,2100
2zwz,16.3
4w9l,9520
4zbd,1600
1tok,3400000
2itm,74000
2qpu,250000
2pqb,63
1gt5,800
2doo,67
4tu4,175000
4zal,12000
5ggk,290000
3fpu
3idx
1toj,410000
2cvd,800
2aa5,0.4
4u6q,370
3rvw
3rdm,1,0.14
3cj4,310
3uw9
4c4r,1300000
2p15,0.05
2v52
5gzg,62000
4i8x,2300000
3juk,12900
1h6h,5000
2f01,1,~0.0001,0.0001
5ad2,63
1oeb
2bfq,130
2yoo,520
3gcu,165
1w0p,~30000
1xr9
1a4r,0.0094,220
4xtv,0.54
3zt1,2000000
4hbm,12,8.2
3e64
5l91,91000
4loq,7
4fvq,1000
4xzi,8894
1nl5,6
3ad6
3rz1,1.8
3zqe,59000
4rr9,1000
4hkx
4ugh,50460
1gah,0.001
1jn2,82000
4qmz,63
3mv8
5vcz,444
4fkw,47
2phb,0.32
5dus,3120
5l1w,31000
2whp,~100000,100000,27000
1w72
2ygf,8060,12000
5hbs,18.5
1du3
1xpz,84
3mb9,106
1ws4,1000000
5nw2,230
4lnw,0.1
5ea4,7.8
5d7x,15000
3vjc,18.9
2vcw,140000
4mlx,650000
2ay6,780000
3l5x
4cqm,26800
1fd0,~4,4
5j5g,30
4wgi,1900
5klp,22700
5gwe,62000
1kdk,0.9,0.2
4j8t,168,474
2y6o,0.1
2jel
3u6w,120
5ab7,90000
4ku7,12
4e05
2h79,0.1
1cnw,19
2amt,36000
1i7z,400
4jfz
3uvq,17
3ad4
5fjn,18400000
4m2w,0
4rra,13400
4m5j,14500
5lpj,10100
2wo3
3znp,4000
4i54,110
2vw5,3
3ccw,13.5
1uwf,150
4qo8,1800
3oyw,24000,78000
5hip,900
3fzl,300
4lk7,9100
3sk2,244000
2gh7,1,~0.0001,0.0001
2ov4,18000
2ftl
4rvj,0.4
2pfy,300
7abp,350
5flt,1280000
3arq,400
3juo,8550
1jd5
1nm5,20000
4abh,71000
3d78,23
2xcg,9
3eky,0.23,0.4
3sl1,260000
2iki,32
3qkd,4.2
3m5e,43,24
1elr
3evc,124
2bys,0.3
2zsc,87
5ia2,19
2gh0
1nvu
4yxi,332,292900
2q88,1600
1mrw,0.2
4n07,350
3hzm,3000,1450
1vzd,0
1hxb,0.3
4ipi,4800
3s75,150
4dct,8000
5l4f,1300
2xbv,3.7
4zla,49.9
3lcu,300000
5g4o,28000
2nn7,300
3o4v,0
4b1v
3ri1,5000
1o7q,32000
3dsu,0.94
1cmp,27000
2r9p
1lgw,100000
4xqa,10300
1a4h,1200
3hua,278000
4eji,4400
5mtx,17.7
1lag,500
5t46,10
4qd3,1450
3zkp,14000
3m3e
2pdc,14,256
3rz7,1.1
1rn8,1000
4cj5,200000
1bap,140
5bir,255000
5nw1,210
4l6s,3
3ioe,540000
4rrb,13400
4yv5,6200
4eo6,2
2wsv,~100000000
4y8d,8.9
2zpk
2b7z,1.1
3oka,19000
1fcy,1.2,3
5i3b,9000
3cyx,0.3
3p9l
2i60
3ufn,930
1s5z,620000
3pwm,0,0.8
1nw7,8100
3twv
2iv9
3q1s
5kww,7.4
4co3,2000
5ioq,78000
5ldq,40000
2xib,55.1
1lt8,280
1i9o,2.3,3.8
2g78,120,>200
4deu,2290
3qxt,6000,6700
4d81,400
2aeb,5
4rsk,47400
3udd,28,79
4yxo,98300,125
3kgu,1200
3a20,1.12
1x08,520000
3flw,1.3
2v7a,5
4zag,12000
4i9u,137000
5dvi,390
5m42,19.5
4j36,140
3cyz,60
3ioc,210000
3arx,4700
2wge,226000
5gof,90100
5bw4,68000
1emv
3uzd
5ji8,23400
3jqm,44400
3vv2
5igk,41.8
5cfl,15
3mjh
1xqh
4agl,184000,225000
2avv,1.1
1c7e,505
2wkv,128000
1jou
3ac1
1xap,2.5,5,2
4f9y,184
1tog,600000
2q0j,29100
2nnp,0.3
5lpl,12000
3lzx,14000
1hq5,2220
2xp8,15000
3zyr
2ak4
1d3d,0.81
1lrh,150
3b25,860
2nmy,0.3
1bx6,3.9
2wsa,1
3o1e
3zhx,210
1gz9
4aor
5kr0,0.4
4c4n
1tpz,640
4jnk,5100
5lof,0.19
3caq,528
1ngb,320
5fsm,95000
3vha,40
4j3l,16
4ywa,28
3fk7,0.75
4n7u,~500
4jlt,700
5krd,67000
4qpl,372
4gxl
3ixs
3gmw
2qfo,150000,20000
3gcp,15
3s4s
2j7b,240
1qft,1.7
3ejj
1mjj,1.83
4glr
3rgf,250
2v8s
1swp,1,~0.01
4jfd
1njj,270000
1xa5,316
3ekp,0.4,1.3
3c3o
3oew,1500
3fc1,2.8
4key,212
2jgs,1E-5,240
3ama,>10000
5e2n,0.29
2pvw,0.4
2x6x
5mt3,3120000
1d6s,78000
3pma,4000
1ra9,24000
2as3,4100000
5exw,150
1c6z,0.3
3dow
2f8g,0
3n5e
3hdy,66000
1e7v,210
3hik
1oe7,3000,9000
5ehv,826000
3iai,<5
1jmf,1700
4xtx,0.027
2c80,4700
3l5w
3aas,31000
4bmb,62000
3ql9
1oh4
3g0e,20
2xl2
3qwo
1yp6,470
2w10
2pzv,135000
2hnx,83
1iuw,18000
2za4
3qss,4900000
4j3i,8930,140
3ddc
4av5,61
3s72,400
2v87
2wy8
5ei3,56500
5k8s,6
1svs,2.3
2g45
4muv,336
3d1y,0.3
1yc3,680
4b34,730000
2nxe,5500
3ebs,21000
1p19,76800
3nes,2400
5a81,2300
4u4x,9800
5g61,400
1t44
3mnp,19
4wup,0.15,200
4pv0,4
3c84,14
4qa0,580
2ay3,280000
1bup,320
5c8w,43.8
2wej,660,839
4bks,150000
3bra,2000000
4euk
1akw,2.6
4hj2,2950000
5etk,50000
4aza
4egi,42000
3tdh,55000
3kj1
4dqe,0
4yx4,660,1135
5fry,4000
3dhv,1100000
1ie9,0.065
1knu,170
1hpm,320
1i9q,3.9
3sie,420
4oqr,29300
2r2b,63000
3qps,2500
3am7,10
3n9s,5500
5f1j,12000
1mep,1
2whq,27000
5etr,300
4jym,9050
4ooe,40
2wwk
3o34
5vw3,<20
5dqf,320000
3qio,144
4dai,110
4mpe,426
3a1e,~2200000,2200000
1b55,40
4jv6,2400,217,165
2p45
1y2g,83100
4fku,99
4wey,318000
4zsh,90
4ag2
4ayd
3e3c,2400
3qx9,90000
2zdn,562
2hd5
3s54,0
5erg,44330
3m58
1met,3.8
3tnf
3b4y,4500
4b5t,470000
4eqj
3l5b,123000
2vmd,950000
4c9b
4pfu,670
4nj3,300
5e74,39000
2b3f,940
5fbi,1600000
4r08,55000
1u72,0.0034
5i7r,1700
1fao,43
3nex,1000
1fl3,160
1srg,5000
5jgl,12480
1g7q
4lv9,230000
1ws5,926000,1080000
5f60,43
4pzv,2000
2p0d,100
5tpx,280
1qk4,61000
4fvr,1000
2wdy,850
4lj3,<1
1pzi,60000
3tvl,100000
4ugd,37900
5w10,240
4a41,591000
3miy,13,21
2vba,25000
2r1w,25000
3h7r,584
4lvd,51000
3c9e,10
5a83,7.9
3qht
3d32
5u8u,84000000
2v3u,1000000
3kry,<0.1
3mo5,136
1qxo,>20000,20
2vnf
5x4q,78
3oj2
1tyr,100
3ozu,2600
3drc,0.7
4fzj,700000,740000
3nin
2zym,730
4o74,37
4iur
3oxc,0.3
5c3r,34400,30500
3df9,0
2arc,1000000
1lhw,6.9,0.832,0.8
1el5,17400000
3c7q,2.9
3k2p,6000
3caj,0.7
4ad2
4jiz
4dh2
2v8x,6950,790
5ive,20,27
5im3,~1500
3nu6,0.4
6rnt,4300000
1x7y,54400
3okp,19000
1p28,3800
3hcm,500000
5kqx,0.3
2w87,22200
2qwq,320
5a5q,21000
4ans,3.3
2y8l,1500
4c71,112000
1ecm,2800
1h46,270000
3ry8,460000
4jpk
5glz,78000
4xya,1370
1ovd,7600
3rzi
3mdt,5
2qft,7000
3zno,180
4g8m,12.8
4cx3,212
3n75,12.8,685
4b2l,570000
1akt,3.2
1xh7,150
3kap,0.1
4tpo,39000
3huq,250000
4ug7,4470
4pov,7.4
3i9g,1.1
3c3d,1380000
3skk,34000
4kmz,2.7
4bg6
2x6w
2wig,370000
4rwj,2
4qjr,80
2ccb,35.76
1n4k,0.09,0.2
4luz,20000
3b4v
1g7v,400
5n58,800
2dm5,1011800
4k3m
5e88,65
3lb2,1150000
2vhj,125000
1iut,24000
5ncf,10000
4emf,83.9
3lka,1500000
1oe8,3000,9000
4q1y,0
4hfk
4rp8,6100
2h7r,55900
3ap4,120000
3eg6
4des,1400
3ovn,2800000
4r57,610000
1ag9,1
3hmo,30.5
4rt1,730
1oar,40
4puj,35
3l68,69200
4rx8,0.6
4ng2
3gy8,1800
4u7g,18.1
4mrf,6900000,11200000
4w9i,1100
4bv3,16500
3qt7,49
3kxo,9.5
2puy
2a5b,117000
2xzw,5100
2fr3,2,>200
3oy4,0
2xj1,28
2w9s,730,2370
1fby,1.5
1td7,43000
4anq,3.3
3k5i,20000
2ou0,592000
2gek,30
4gvm,150
3ka2,240
1zhx,55
3d9l
3t4n,72000,80000
4bqx,80
4n9c,126000
5g2o,11000
4bh3
1usu
3wis,40
1gzf,60000
4q1w,0
4dgi
3oxu
2wq4,2700000
4puk,52.4
3q4l
3ufu,212
3eqs
3hzk
4lad
4wop,17200
3h82,1500
3e6v,147
1t0p
3nij
4kpa,370,4
3rlb,0.12
5e58,2300
1uho,~0.6,0.6
4br3,1900
4lop,7
4e0x,39
3neo,1200
4gaf
3s73,2
1wei,~1
4qxo,3120
5lb6,80
3v3q,250
3ujd,20200
3cd5,12.7
3ppp,6000
2aoh
3oo6,9.8
4ht0,10
3i73,3230
186l,14000
2p49
4mxo,1,0.73
1opb,50
2haw,12000
1fzj
1ydb,6.8,5.8
4c4p
4eo8,7
3t1m,910000
5t52,0.54
3rbu,0.4
3sxr,1.4
2hyy,>1
2iko,3571
5n1x,689000
5vd3,2817
1wq1
2xgy
5fqd,242
220l,1000000,400000
5eh5,1350
3b08
2oi2,500
3d4f,19
3dsz,17.1
4k3p
2ews,240
2qhm,660
3dcw,0.7
3isj,210000
1wpg,0.2
4jyb,110
3g2t
4g0z,6130000
4uhl,103
1drj,40
4jvf,0.1,10
4ido,11630
5g1n,1400
3bxe,3340
3uyp
5vb7,190
3zlr,0.6,0.55
5or9,88000
3f33,460000
3zhf
1uv6,7575
3tmk,135
4egn,29500
3ht8,120000
3rbb
1fqj
4mxp,3.8
1jqv,117000
2fos,27
2iw4,0.5,12000
2gbp,100
1axi
3u15,78
1uod,780000
1eou,10
3nim
3tz0,9200
4l50,880
2h2g
2h6b,4100
4q3q,1300
2v25,1900
4zba,3090
3u8x
4agp,20600
4kn1,144
2ef9,14180
2hrm,278500,287500
4u7h,36.4
3m40,90,170
5x4o,88000
4dru,2.4
2vzr,52600
4a91,2100000
4zme,45000
3mc5,14,1510
3b26,230
3m5a
3fea
2yxs,62000
3znn,6
1tox,10000
4wz6,1400
2igw
4cwz,7270
2ccv,130000
3dpc
1nox,90
4jsa,660
3sfg,865
5evz,270
3ay4
1ogx,810
4ahr,6500000
2yiw,0.4
1kzn,1.2
2ftm
4yyt,392000,429
4zaf,12000
3f15,7.88
4qta,13
5etb,29000
4ibg,108000
1ngc,320
2eup,40000
3vys
3npc,4.6
1b2s
1b3g
4eo5
4fbx
3aj6,51.5
3m98,530
2gyw,14400
3gni,20
5avf,3200
3bex,2700
3nvn
4b35,1300000
3uew,490
2qki
3k8d,1700
4w54,68000
5jgk,12600
4gq6
2xj2,66
4fht,670
4cgi,752000
3h7b
2cia
4dm6,5
3ppr,1500000
2pvu,490
3mj1,2.1,15
1p9p,68
2ez7,43500
1yz0,2400
1e3v,45740
3ru8
5ey0,2260000
4qa2,580
4gqp,0.79,0.25
4gnf
4km0,910
4eiy,0.2
5tz1,20.7
4pio,210000,2000
223l,400000
2xjg,15
4mhw,4.2
1syn,0.1
5f74,7600
3meu
4m49,5000
3q7q,2256
5u0f,3400
3iaz,330000
2i5y
5syn,160
4wk1,109
1zhy,300
4qtc,297
1ujk
3ma9
4fkp,287
4lux,100
5l9g,19.8
5d3t,12000
3t3r,3000
4s1b,300
2pyn,27
2ay8,5800000
2f35,3940
188l,470000,469000
5mty,1.3
3ueu,5810
9icd,125000
4rr7,1000
3quz,39.6
3nw3,320
4m8e,13
3v7q
3cfq,1000
2vzm,171900
5fom,9800
4gh8,2600
4bkj,0.7
3f80,60000
3nv6,3100
3c3q
4g8a
3m3x,150,70
1sz0,~1
2qwm,320
2fkf,1200000
1u1w,1400
5hs1,82
4q3t,330
1x7x,52600
2vb8,25000
1hdr,34
4y3y,4500000
4jbl,500000,540000
1zc4
1aku,746
5wk9,32200
2wic,4100
1i9l,3.3
3ulk,19300
3mdv,4
4yee,320
1oif,19
3ipa,600
3hww,75
2wij,630000
3mwl,579000
5b25,0.058
3gk4,120000
4ejd,14500
2vof
1t6b
4g0y,4990000
2bfr,5630,5600
5etj,0.066
3qo3,125
4rr8,1000
4nbk,136000
4nra,65000
3nuj,0.4
3ckb,1040000
4rt0,3130
4aei
3aqt,190
1u3d,75000
1vpo,1450
1e6e
2q9f,7
5nkg,20.89
1frb,30
4b1j,50
2w68,18000
3kpu,690000
5l9l,79.4
5nw0,138
3acl,600
4fz3
3usx,9530
1qy1,300
5ko8,8200
2vmf,1400
1y93,8000000
4igt,12.8
2nng,4400
5efa,14700
1cea,11000,~11000
5cbs,3900
4pyy,29
3lxo,15000
2yis,0
1lhv,1.2,1.23
2wp3
3kqr,36800
3oap,14,1.5
5iw0,60
1msn,0.81,81
3l8s,99
2c7m
1l4d
2gfd,870,520
3tct,3,2
5g17,200
4k9w,40
3lp4,13100
3ru1,14200
3fls,1.2
4np9,9400
4ezo
4kv9,146000
3pd4,33300,33200
3o73,19000
3uq8,45000
1hn4,150000
1zds,71300000
4mrh,5400000,12600000
1y5b,1260
5utr,7000
4aje,210000
2o4k,0.035,0.4
2xrw
1pxv
4h7q,8800
2aq2
2flr,800
1akr,0.82
3ryy,38
2p4a
3v2p,440
5ibi,6300
2z6w
5edt,3400000
5dpv,250
3ldp,2410
1yy6
3cr5,64000,1000
3c3r
2a78
2nmz,0.3
2du8,8000
1atr,110,320
3hub,0.5,8.2
3hmp,3240
4ek8,72.7
4jfl,10500
3hp8,7300000
3hgm,800
3kj2
1i4d,3000
4aj4,130000
4ajk,770000
3ac2
1kdm,0.2
1t64,390
2qc1
4bgx
4jx9,1.4,2.4
2vc9,3.6
3hky,2.3,80
3nkx
4ekq,2000
3ux0
2xtm,630
3r85
5ibe,740
4q4p,407
1usi,180
2fke,0.2
4pft,2.3
1fcx,64
4h88
5du4,5600
4don,17000
3r93
4mr4,1142,140
2nws,5440
4cww,7270
3arz,1000
4i9n,1300000,360000
5e5g,700000
4mnp,45.5
5l8n,31000
3at4,2.26
3fhb,>2000,2000
5m04,180
5eyr,5000
3dc3,6.8
2w3o
3uh4,8
2zru,467
2hbt,80
3pb3,600
1fzo
4q09,6.7,29
1g7p
4ht2,290,150
4ihh
3u9d
3qnd,14000
4q0a,330
3gp0,36
4l40,290
3q72,1574
3g3r,330
1x8v,100000
2rcn,1000
4mp2,3570
4yca,117
5ivj,46
4d86,6400
1hzz,30000
2qfq,7000
5ezg,12000
3r3c,220
2pho,>100000
3juq,2630,8550
3ap6,62000
4dqb,0
4azb,57.69
4mp7,1827
3dgl,250
5dfc,45
1rmz,10
5mt0,500000
3s0b,320
2oty,21000
4fk7,5800
2xg3
3adv,933000
1ycs
2a4w,5.1
4hse,13700
4qyn,2
1flr,0.1
4io3,870,875
2std,0.14
3lug,3600000
4mes,528
3g2u
4g1x,28000
2be6
1vzt,~32000
2pdm,400
5i2e,230
4f3h,420
5jam,112000
4zow,75000
3t6r
3cj2,14000
2y1d,120
3efs,3500,4600,7200
4rme,9
3kr1,1800
3vsp,2.9
1cze,2400000
3f38,2400000
2nxl
3vvy,14600
5las,2000
1n3i,1.3
1luq,1
2z93,11.1
2v86
4der,490,250
4d62,3640000
4i5m,0.8
4fko,44.8
3njq,13000,1700
4ibb,270700
1w6y,4400
3fk1,7000,160
1xr8
4ts1,11600
2ay7,5000000
1gt1,1000,3300,1200
3ivg,50000
5igl,42.7
2q7y,50000
1wve
3qdd,1.7
1iep,>1
3l66,20900
3axz,372000
3rm9,17000
4p5z,39.3,3.9
4hgm
5iki,63840
1qy2,1800
4zhc,13
3chw
4btj,25000
2f4m
3alt,1190000
3p9t,630
3tsk,67
2we0,37000
4gv8,320
4ug8,450
3wtn,91
2ig0
1uz8
1el9,2600000
3gnw,0.79
5aoj,21000
5gsa,82.5
4w9c,22200
1jmg,850
1kxm,140000
5ld8,9
4twn,580
1z18,4000
4e9c
3s0e,90,280
3re4,~40,40
3zhy,210
2fvd,0.5
4g68,12
2bjm,200000
1g5y,1.5
3cem,24
3dzt,60.2,60
5dr9,250
3zdv
2vhq,140000
4b4q
4gn5
4nbl,470
2clm,280000
4ibf,36800
3oez,>10000
4cc5,38000
4eip,20000
3vvh,0.4
5nkb,0.759
4k13,0
1tsd,40
4rrt,1820
3vfj
5lvq,73000
5gic,331
3mag,86000
1nje,160000
4lzr,20000
1g1d,2.3,0.36
3akm,360
1z95,0.76
4fys
1lv8,3500
5jai,2000
3gf4,750000
3rz8,6.7
4auq
5gie,769
1md2,~40
5u5v,29600
1t7d,940
4h5t,320
3muk
4g47,~1700000
2qvd,1450
4u0e,120
2zkj,3300
5ne5,39
2g9h
3lbo,21.9
3lxk,0.16,0.2
4w9d,10200
4oew,150,1450
3ln1,789.1
2arm,21
1r4w,90000
2omt
1i9p,3.9
2w7y,830
3td4,2200
3lqj
4dcs,8000
2y5a,55000
1j2j
2h12,21100
3l9j
3lzu,0.087,0
4knj,11.1
5mg2,17
3tao,7280
2y9g,170000
3qx8,1370000
1e8g,1800
5jt9,233
4loo,7
3met
4awx
1nrj,38
4kt1
3eqy
4bb9,1000
3f48,512
4dck
3ppq,28000
2q0i,29100
3ebl,500
5flp,631000
1b7h
3ozc,0
5l1o,7200
5h9q,38000
4tqn,770
4i7p,317000
3cs9,3.6
4bqj,0.8
3ua1,370
2pdy,158,16
3hbo,8200
1at5
1v16,134800
2omv
2zb1,480
4i7m,72000
3l3q
4m0z,6400
3oxx,0.4
1vyf,9
4jck,4300000
1imx,300000
8cat,<10
3ff8
3uih
5h9s,87000
4w6z,920000
2rin,145000,100000
2f78,1000000
2xbp,9600
1ydk,1300
4rjd,1000
2izx,0.4
4g48,500000
3ad8,690000
4ai5,1200000
5jsg,15000
1bcd,91,2
2v92,12500,24500
2d1k
3v31
4b3d,2100000
4l51,995000
1yej,35
1d3p,41
5jal,980000
5a14,9.7
2ij7,5000,6000
3dmx,58500
4jv8,1420
2j79,1100
5ai1,3400
4epy,340000
1b4h
4rp9,6100
1bbz
1poy,3200
3imc,1100000
3zk5,118000
4zji,340
4his,247,8.1
3kgt,3100
5iot,109000
3b2q,28000
1gw6,2050
5bv3,196000
4zhg,29
5ngz,1300000
4f0z
5fog,213000
4ze6,3300000
2p7a,788
4r9c,93
2dqs,0.2
2wtv,6.5
2vqz,177000
5ais,570
3gx0,330000,2400
1hk4,4900
2jfz,2900
3gy2,1800
4q08,730,500
4k7n,330000
4io5,9270,9000
5etp,700
5moe,500000
1l5q,108000
5nk2,182
4m5n,7500
2h3e,2000
2b2x
5d0r,430
2hwn
3aox,2.4
2p4t,27
1htb,670000
5ixe,2300000
2yki,0.35,0.3
2gzl,15000
3crk
3m55
1meu,3.8
4zvl,29.4
1nqm,1
3lnz
5nu3,230
4poh,10
1w9u,810
1py5,5
1b5h
1x80,89300
4er3,0.2
3s43,0.4
2pqc,1800
2pdp,14,2800
5cpl,<25000
4m5i,6700
4fl1,520000
3lxi,9100
3umq,24100
3ke1,180000
5vc3,77.5
2wl4,64000
4ugo,62300
4ih6,18000
1fzk
4er0,66
3nfk
1erb,8
1bcj,200000
3t2c,25000
5ave,3600
1ux7
4dec,4000
4myd,28000
3syu,50000
5en3,620
3kqo,140000
2psm
2euk
4i7j,480000
4zei,1640
3hzl,3000000
5dw2,185
5f41,67000
4y5d,1200
1k6v,120
3rss,6000
2wl5,30000
3iod,80000
1hpb,30
5tcy,22
1yyz,2400
2dri,130
2wf5,1000
3o75,209
3qxh,5800
2bzd,~1000000
2vhw,8200
4hfp,42
5ldm,140000
5lvl,1250
5aba,1040000
1zdq,21400000
1kxp
2wnc,479
1a99,2000
4k94
1okl,930
2bak,37
1upw,103
3p3r,56.05
1gcq
2g6q
4au7,17200
3k02,10000
4luv,580000,1400000
1vg0,0.8
5fs0,600
4dma
2olb
2fxe,0.4
3el5,18.9
3m8u,12900
4xtz,0.153
4pp3,15
5c3s,34400,108000
4ict,45600
3mxf,49
4ze0,30
1ya3,0.4
1xk5,1240,1000
1t7i,0
5ipa,20000
4ep2
4a2a
3ib1,260000
3mc0
2yld,0.0034
4unp,590000
4xy9,7651
4f8j,8600
1sri,830
2zq1,239
4oti,170
2wi9,309000
1b1h
5ie1,140
4cfl,1330
4qms,1900
2v3b
3rt0
5ect,5200
3qrj,7.2
2dd8
4ddn,244000
1rd4,18.3
5fnt,670
4az5,1020
5d6j,36000
1ykl,57000
5h1v,34000
5fh8,170
4kjy
3bwk,114000
4nxv,3800
4io6,15000,15100
3hqu,80
2baj,4
5g5f,5200
1g4o,1.1,5.6
3kiv,20000
4k2u
3gz8,17900
3s5l
4hep
4ddh,500000,480000
3poa
5am6,185
1li3,56000
3p3c,8
4igk
3ud9
5i8p,185
4bb2,85
2hzl,270
3iqj
2pdu,14,2500
4ajh,210000,770000
3ik3,0.7
4r75,57
2j7d,74
3n6k,180
5in5,35000
4a49
2pmk,1200
4cjr,793000
2vxn,10000
5hf9,27000
5eps,38000
4j22,18
2qtz,35100
3ozd,0
4aoq
2exx,13500
3kv2,47.51
5hbn,12900
3uyr
1zc9,600000
4j0s,390
5gvk,99
5fv9,254000
3ocs,1.5
3tg5
5lvd,2400000
2ve3,<1000
3ip6,250
4qyy,50
1nki,200,~200
3hau,420
5js3,185
4abg,271000
5cmb,28.3
3gay,20
3ocp,27
4ggz,0.066
5k4z,700
